<?xml version="1.0" encoding="UTF-8"?><parsererror xmlns="http://www.mozilla.org/newlayout/xml/parsererror.xml">XML Parsing Error: no root element found
Location: https://matlab.mathworks.com/
Line Number 1, Column 1:<sourcetext>
^</sourcetext><file xmlns="http://www.w3.org/1999/xhtml" absolutepath="/MATLAB Drive/ft.m"></file><file xmlns="http://www.w3.org/1999/xhtml" absolutepath="/MATLAB Drive/fe.m"></file><file xmlns="http://www.w3.org/1999/xhtml" absolutepath="/MATLAB Drive/e.m"></file><file xmlns="http://www.w3.org/1999/xhtml" absolutepath="/MATLAB Drive/trainClassifier.m"></file><file xmlns="http://www.w3.org/1999/xhtml" absolutepath="/MATLAB Drive/ftdwt.m"></file></parsererror>